PMID,Img_file_name,StartID,Relation,ReceptorID,GPT_answer
21715183,21715183_page2_39.jpg,AKT,activate,ERK,Yes
21715183,21715183_page2_39.jpg,PKC,activate,PLC-y,No
21715183,21715183_page2_39.jpg,PLC-y,activate,PKC,Yes
21715183,21715183_page2_39.jpg,VEGFR,activate,PLC-y,No
21715183,21715183_page2_39.jpg,RAS,activate,Raf,Yes
22176813,22176813_page1_24.jpg,RAS,activate,Raf,Yes
22520478,22520478_page2_35.jpg,RAS,activate,Raf,Yes
22739075,22739075_page2_36.jpg,RAS,activate,Raf,Yes
23070242,23070242_page1_9.jpg,RAS,activate,Raf,Yes
23681892,23681892_page3_48.jpg,RAS,activate,Raf,Yes
24258572,24258572_page2_27.jpg,RAS,activate,Raf,Yes
24355409,24355409_page3_62.jpg,RAS,activate,Raf,Yes
25488861,25488861_page1_19.jpg,RAS,activate,Raf,Yes
25488861,25488861_page1_19.jpg,RAS,activate,Raf,Yes
25601485,25601485_page1_29.jpg,RAS,activate,Raf,Yes
26182407,26182407_page2_17.jpg,RAS,activate,Raf,Yes
26898616,26898616_page6_80.jpg,RAS,activate,Raf,Yes
30865033,30865033_page1_6.jpg,RAS,activate,Raf,Yes
31256210,31256210_page2_52.jpg,RAS,activate,Raf,Yes
31387256,31387256_page2_203.jpg,RAS,activate,Raf,Yes
31917616,31917616_page46_222.jpg,RAS,activate,Raf,Yes
32292093,32292093_page2_174.jpg,RAS,activate,Raf,Yes
32745965,32745965_page2_29.jpg,RAS,activate,Raf,Yes
32750701,32750701_page2_58.jpg,RAS,activate,Raf,Yes
32873398,32873398_page5_145.jpg,RAS,activate,Raf,Yes
33945380,33945380_page2_662.jpg,RAS,activate,Raf,Yes
21715183,21715183_page2_39.jpg,Raf,activate,MEK,Yes
22520478,22520478_page2_35.jpg,Raf,activate,MEK,Yes
22551539,22551539_page3_7.jpg,Raf,activate,MEK,Yes
22739075,22739075_page2_36.jpg,Raf,activate,MEK,Yes
23070242,23070242_page1_9.jpg,Raf,activate,MEK,Yes
23681892,23681892_page3_48.jpg,Raf,activate,MEK,Yes
24258572,24258572_page2_27.jpg,Raf,activate,MEK,Yes
25488861,25488861_page1_19.jpg,Raf,activate,MEK,Yes
25488861,25488861_page1_19.jpg,Raf,activate,MEK,Yes
25488861,25488861_page1_19.jpg,Raf,activate,MEK,Yes
25601485,25601485_page1_29.jpg,Raf,activate,MEK,Yes
26182407,26182407_page6_30.jpg,Raf,activate,MEK,Yes
26898616,26898616_page6_80.jpg,Raf,activate,MEK,Yes
26960735,26960735_page1_76.jpg,Raf,activate,MEK,Yes
28463570,28463570_page18_222.jpg,Raf,activate,MEK,Yes
29894909,29894909_page3_53.jpg,Raf,activate,MEK,Yes
31256210,31256210_page2_52.jpg,Raf,activate,MEK,Yes
31387181,31387181_page1_27.jpg,Raf,activate,MEK,Yes
31917616,31917616_page46_222.jpg,Raf,activate,MEK,Yes
32292093,32292093_page2_174.jpg,Raf,activate,MEK,Yes
32450595,32450595_page11_131.jpg,Raf,activate,MEK,Yes
32454155,32454155_page4_37.jpg,Raf,activate,MEK,Yes
32750701,32750701_page4_64.jpg,Raf,activate,MEK,Yes
32873398,32873398_page5_145.jpg,Raf,activate,MEK,Yes
34129744,34129744_page36_317.jpg,Raf,activate,MEK,Yes
34323489,34323489_page2_936.jpg,Raf,activate,MEK,Yes
21854359,21854359_page1_6.jpg,VEGFB,activate,PIGF,Yes
22176813,22176813_page1_24.jpg,PI3K,activate,AKT,Yes
22257651,22257651_page2_25.jpg,PI3K,activate,AKT,Yes
22481432,22481432_page1_87.jpg,PI3K,activate,AKT,Yes
22520478,22520478_page2_35.jpg,PI3K,activate,AKT,Yes
22551539,22551539_page3_7.jpg,PI3K,activate,AKT,Yes
22551539,22551539_page3_7.jpg,PI3K,activate,AKT,Yes
23325296,23325296_page2_37.jpg,PI3K,activate,AKT,Yes
23681892,23681892_page3_48.jpg,PI3K,activate,AKT,Yes
24091716,24091716_page29_179.jpg,PI3K,activate,AKT,Yes
24258572,24258572_page2_27.jpg,PI3K,activate,AKT,Yes
24355409,24355409_page3_62.jpg,PI3K,activate,AKT,Yes
24618619,24618619_page10_39.jpg,PI3K,activate,AKT,Yes
25557115,25557115_page3_10.jpg,PI3K,activate,AKT,Yes
26182407,26182407_page6_30.jpg,PI3K,activate,AKT,Yes
27770511,27770511_page1_2.jpg,PI3K,activate,AKT,Yes
27897231,27897231_page8_167.jpg,PI3K,activate,AKT,Yes
27897231,27897231_page8_167.jpg,PI3K,activate,AKT,Yes
28109399,28109399_page36_658.jpg,PI3K,activate,AKT,Yes
28795492,28795492_page1_3.jpg,PI3K,activate,AKT,Yes
30231382,30231382_page9_107.jpg,PI3K,activate,AKT,Yes
30865033,30865033_page1_6.jpg,PI3K,activate,AKT,Yes
30878128,30878128_page2_19.jpg,PI3K,activate,AKT,Yes
31010761,31010761_page2_116.jpg,PI3K,activate,AKT,Yes
31485605,31485605_page9_37.jpg,PI3K,activate,AKT,Yes
32454155,32454155_page4_37.jpg,PI3K,activate,AKT,Yes
33435440,33435440_page2_101.jpg,PI3K,activate,AKT,Yes
34323489,34323489_page2_937.jpg,PI3K,activate,AKT,Yes
22176813,22176813_page1_24.jpg,AKT,activate,MTOR,Yes
22520478,22520478_page2_35.jpg,AKT,activate,MTOR,Yes
22551539,22551539_page3_7.jpg,AKT,activate,MTOR,Yes
23070242,23070242_page1_9.jpg,AKT,activate,MTOR,Yes
23325296,23325296_page2_37.jpg,AKT,activate,MTOR,Yes
23681892,23681892_page3_48.jpg,AKT,activate,MTOR,Yes
24258572,24258572_page2_27.jpg,AKT,activate,MTOR,Yes
25601485,25601485_page1_29.jpg,AKT,activate,MTOR,Yes
26182407,26182407_page6_30.jpg,AKT,activate,MTOR,Yes
26898616,26898616_page6_80.jpg,AKT,activate,MTOR,Yes
27639426,27639426_page36_153.jpg,AKT,activate,MTOR,Yes
27770511,27770511_page1_2.jpg,AKT,activate,MTOR,Yes
28109399,28109399_page36_658.jpg,AKT,activate,MTOR,Yes
28463570,28463570_page18_222.jpg,AKT,activate,MTOR,Yes
29729495,29729495_page44_89.jpg,AKT,activate,MTOR,Yes
30231382,30231382_page9_107.jpg,AKT,activate,MTOR,Yes
30865033,30865033_page1_6.jpg,AKT,activate,MTOR,Yes
30878128,30878128_page2_19.jpg,AKT,activate,MTOR,Yes
31010761,31010761_page2_116.jpg,AKT,activate,MTOR,Yes
31387256,31387256_page2_203.jpg,AKT,activate,MTOR,Yes
31917616,31917616_page46_222.jpg,AKT,activate,MTOR,Yes
32454155,32454155_page4_37.jpg,AKT,activate,MTOR,Yes
32505631,32505631_page27_166.jpg,AKT,activate,MTOR,Yes
32505631,32505631_page27_166.jpg,AKT,activate,MTOR,Yes
32750701,32750701_page2_58.jpg,AKT,activate,MTOR,Yes
33435440,33435440_page2_101.jpg,AKT,activate,MTOR,Yes
34323489,34323489_page2_936.jpg,AKT,activate,MTOR,Yes
22176813,22176813_page1_24.jpg,Raf,activate,MAPK,Yes
22257651,22257651_page2_25.jpg,Raf,activate,MAPK,Yes
22176813,22176813_page1_24.jpg,PTEN,inhibit,AKT,Yes
23681892,23681892_page3_48.jpg,PTEN,inhibit,AKT,Yes
27639426,27639426_page36_153.jpg,PTEN,inhibit,AKT,Yes
22176813,22176813_page1_24.jpg,PTEN,activate,AKT,No.
32873398,32873398_page5_145.jpg,PTEN,activate,AKT,No.
22226940,22226940_page2_29.jpg,IL-12,activate,IL-12,No
22226940,22226940_page2_29.jpg,IL-12,inhibit,IL-12,No
22257651,22257651_page2_25.jpg,SOS,activate,RAS,Yes
22739075,22739075_page2_36.jpg,SOS,activate,RAS,Yes
32328803,32328803_page2_145.jpg,SOS,activate,RAS,Yes
32745965,32745965_page2_29.jpg,SOS,activate,RAS,Yes
22262830,22262830_page11_103.jpg,GLI1,activate,GLI1,Yes
22262830,22262830_page11_103.jpg,GLI1,activate,GLI1,Yes
22262830,22262830_page11_103.jpg,GLI1,inhibit,GLI1,No
22441109,22441109_page2_62.jpg,CDK6,inhibit,CDK4,No
22441109,22441109_page2_62.jpg,E2F,activate,E2F,Yes
22441109,22441109_page2_62.jpg,RB,activate,E2F,Yes
22441109,22441109_page2_62.jpg,p53,activate,p21,Yes
31391058,31391058_page6_108.jpg,p53,activate,p21,Yes
22441109,22441109_page2_62.jpg,RB,activate,PRB,Yes
22441109,22441109_page8_76.jpg,CDK2,activate,P27,Yes
22441109,22441109_page8_76.jpg,PKB,activate,AFX,Yes
22441109,22441109_page8_76.jpg,P27,activate,CDK2,Yes
22441109,22441109_page8_76.jpg,P27,activate,P27,No
22481432,22481432_page1_87.jpg,NOS,activate,LPS,No
22481432,22481432_page1_87.jpg,PKC,activate,DAG,Yes
22481432,22481432_page1_87.jpg,DAG,activate,PKC,Yes
31545260,31545260_page2_41.jpg,DAG,activate,PKC,Yes
22481432,22481432_page1_87.jpg,PKC,activate,LPS,No
22481432,22481432_page1_87.jpg,DAG,activate,LPS,No
22481432,22481432_page1_87.jpg,LPS,activate,DAG,Yes
22481432,22481432_page1_87.jpg,LPS,activate,DAG,Yes
22481432,22481432_page1_87.jpg,LPS,activate,DAG,Yes
22481432,22481432_page1_87.jpg,MAPK,activate,RAS,Yes
22481432,22481432_page1_87.jpg,NOS,activate,PKC,Yes
22481432,22481432_page1_87.jpg,SHC,activate,RAS,Yes
22481432,22481432_page1_87.jpg,FAK,activate,PAXILLIN,Yes
22510280,22510280_page4_67.jpg,SAA1,activate,SR-BI,Yes
22510280,22510280_page4_67.jpg,SMAD4,activate,SYTL2,No
22510280,22510280_page4_67.jpg,SMAD4,activate,SYTL2,No
22520478,22520478_page2_35.jpg,MTOR,activate,AKT,Yes
23681892,23681892_page3_48.jpg,MTOR,activate,AKT,Yes
24258572,24258572_page2_27.jpg,MTOR,activate,AKT,Yes
30865033,30865033_page1_6.jpg,MTOR,activate,AKT,Yes
30878128,30878128_page2_19.jpg,MTOR,activate,AKT,Yes
31917616,31917616_page46_222.jpg,MTOR,activate,AKT,Yes
32505631,32505631_page27_166.jpg,MTOR,activate,AKT,Yes
32873398,32873398_page5_145.jpg,MTOR,activate,AKT,Yes
33290717,33290717_page2_75.jpg,MTOR,activate,AKT,Yes
22520478,22520478_page2_35.jpg,RAS,activate,PI3K,Yes
24389182,24389182_page4_13.jpg,RAS,activate,PI3K,Yes
27381269,27381269_page59_356.jpg,RAS,activate,PI3K,Yes
30231382,30231382_page9_107.jpg,RAS,activate,PI3K,Yes
31361169,31361169_page2_60.jpg,RAS,activate,PI3K,Yes
32454155,32454155_page4_37.jpg,RAS,activate,PI3K,Yes
22520478,22520478_page2_35.jpg,MEK,activate,ERK,Yes
22739075,22739075_page2_36.jpg,MEK,activate,ERK,Yes
23325296,23325296_page2_37.jpg,MEK,activate,ERK,Yes
23681892,23681892_page3_48.jpg,MEK,activate,ERK,Yes
24041630,24041630_page3_48.jpg,MEK,activate,ERK,Yes
25488861,25488861_page1_19.jpg,MEK,activate,ERK,Yes
25488861,25488861_page1_19.jpg,MEK,activate,ERK,Yes
25488861,25488861_page1_19.jpg,MEK,activate,ERK,Yes
25601485,25601485_page1_29.jpg,MEK,activate,ERK,Yes
26182407,26182407_page6_30.jpg,MEK,activate,ERK,Yes
26898616,26898616_page6_80.jpg,MEK,activate,ERK,Yes
26960735,26960735_page1_76.jpg,MEK,activate,ERK,Yes
28109399,28109399_page36_658.jpg,MEK,activate,ERK,Yes
28795492,28795492_page1_3.jpg,MEK,activate,ERK,Yes
29894909,29894909_page3_53.jpg,MEK,activate,ERK,Yes
30231382,30231382_page9_107.jpg,MEK,activate,ERK,Yes
30231382,30231382_page9_107.jpg,MEK,activate,ERK,Yes
30231382,30231382_page9_107.jpg,MEK,activate,ERK,Yes
30231382,30231382_page9_107.jpg,MEK,activate,ERK,Yes
30231382,30231382_page9_107.jpg,MEK,activate,ERK,Yes
30865033,30865033_page1_6.jpg,MEK,activate,ERK,Yes
31256210,31256210_page2_52.jpg,MEK,activate,ERK,Yes
31387256,31387256_page2_203.jpg,MEK,activate,ERK,Yes
31917616,31917616_page46_222.jpg,MEK,activate,ERK,Yes
32450595,32450595_page11_131.jpg,MEK,activate,ERK,Yes
32450595,32450595_page1_61.jpg,MEK,activate,ERK,Yes
32505631,32505631_page27_166.jpg,MEK,activate,ERK,Yes
32750701,32750701_page2_58.jpg,MEK,activate,ERK,Yes
32750701,32750701_page4_64.jpg,MEK,activate,ERK,Yes
32873398,32873398_page5_145.jpg,MEK,activate,ERK,Yes
34323489,34323489_page2_936.jpg,MEK,activate,ERK,Yes
22551539,22551539_page3_7.jpg,PKC,activate,p70S6Kb,Yes
22551539,22551539_page3_7.jpg,PKC,activate,p70S6Kb,Yes
22551539,22551539_page3_7.jpg,RASI,activate,Raf,Yes
22551539,22551539_page3_7.jpg,RASI,activate,SOS,No
22551539,22551539_page3_7.jpg,SOS,activate,RASI,Yes
22629454,22629454_page4_15.jpg,SNX5,activate,GTPBP,Yes
22629454,22629454_page4_15.jpg,HNF4A,activate,GTPBP,Yes
22629454,22629454_page4_15.jpg,HNF4A,activate,GTPBP,Yes
22629454,22629454_page4_15.jpg,HNF4A,activate,BRIP1,No
22629454,22629454_page4_15.jpg,HNF4A,activate,BRIP1,No
22629454,22629454_page4_15.jpg,HNF4A,activate,BRIP1,No
22629454,22629454_page4_15.jpg,CDC42EP3,activate,STAT4,Yes
22629454,22629454_page4_15.jpg,HNF4A,activate,IGSF8,No
22629454,22629454_page4_15.jpg,SMAD2,activate,STAT4,Yes
22629454,22629454_page4_15.jpg,IGSF8,activate,HNF4A,No
22629454,22629454_page4_15.jpg,STAT4,activate,SMAD2,Yes
22678019,22678019_page3_31.jpg,KRAS,activate,EGFR,Yes
24853389,24853389_page3_10.jpg,KRAS,activate,EGFR,Yes
26685983,26685983_page0_57.jpg,KRAS,activate,EGFR,Yes
26685983,26685983_page0_57.jpg,KRAS,activate,EGFR,Yes
22678019,22678019_page3_31.jpg,BRAF,activate,GO,No
22678019,22678019_page3_31.jpg,KRAS,activate,ERIC,No
22739075,22739075_page2_36.jpg,TSC1,inhibit,RHEB,Yes
28208579,28208579_page7_414.jpg,TSC1,inhibit,RHEB,Yes
22739075,22739075_page2_36.jpg,AKT,inhibit,TSC1,Yes
28208579,28208579_page7_414.jpg,AKT,inhibit,TSC1,Yes
29729495,29729495_page44_89.jpg,AKT,inhibit,TSC1,Yes
22739075,22739075_page2_36.jpg,PTEN,inhibit,P85,Yes
22739075,22739075_page2_36.jpg,RAS,activate,EML4-ALK,Yes
22908099,22908099_page3_62.jpg,EML4-ALK,activate,GAPDH,No
22908099,22908099_page3_62.jpg,GAPDH,activate,EML4-ALK,No
22959342,22959342_page1_8.jpg,P14,inhibit,MDM2,Yes
22959342,22959342_page1_8.jpg,PRB,inhibit,E2F1,Yes
22959342,22959342_page1_8.jpg,P14,inhibit,E2F1,No
22959342,22959342_page1_8.jpg,E2F1,inhibit,P14,No
22959342,22959342_page1_8.jpg,P14,activate,PRB,No
22959342,22959342_page1_8.jpg,p300,activate,PCAF,Yes
22959342,22959342_page1_8.jpg,p300,inhibit,PCAF,No
23070242,23070242_page1_9.jpg,VAV3,activate,CDC42,Yes
23070242,23070242_page1_9.jpg,SHP2,activate,VAV3,Yes
23070242,23070242_page1_9.jpg,MEK,activate,MAPK,Yes
26898616,26898616_page6_80.jpg,MEK,activate,MAPK,Yes
32292093,32292093_page2_174.jpg,MEK,activate,MAPK,Yes
23070242,23070242_page1_9.jpg,SHP1,activate,IRS1,Yes
23070242,23070242_page1_9.jpg,SHP2,activate,RAS,Yes
23070242,23070242_page1_9.jpg,SHP1,inhibit,IRS1,Yes
23322021,23322021_page2_7.jpg,IKK-alpha,activate,IKK-beta,Yes
23325296,23325296_page2_37.jpg,AKT,activate,BAD,Yes
24091716,24091716_page29_179.jpg,AKT,activate,BAD,Yes
28795492,28795492_page1_3.jpg,AKT,activate,BAD,Yes
23325296,23325296_page2_37.jpg,RAS,activate,MEK,Yes
28795492,28795492_page1_3.jpg,RAS,activate,MEK,Yes
23325296,23325296_page2_37.jpg,PLC-y,activate,RAS,No
24853389,24853389_page3_10.jpg,PLC-y,activate,RAS,No
24853389,24853389_page3_10.jpg,PLC-y,activate,RAS,No
28795492,28795492_page1_3.jpg,PLC-y,activate,RAS,No
23325296,23325296_page2_37.jpg,MTOR,activate,S6K,Yes
24091716,24091716_page29_179.jpg,MTOR,activate,S6K,Yes
23325296,23325296_page2_37.jpg,STAT3,activate,PI3K,Yes
23325296,23325296_page2_37.jpg,STAT3,activate,PI3K,Yes
24355409,24355409_page3_62.jpg,STAT3,activate,PI3K,Yes
23325296,23325296_page2_37.jpg,RAS,activate,STAT3,Yes
23371257,23371257_page4_18.jpg,DC,activate,DC,No
23451142,23451142_page5_20.jpg,STAT1,activate,MAPK14,Yes
23451142,23451142_page5_20.jpg,HIST2H3A,activate,MAPK14,No
23451142,23451142_page5_20.jpg,PRKCZ,activate,IL4R,No
23451142,23451142_page5_20.jpg,PRKCZ,inhibit,IL4R,No
23601304,23601304_page1_4.jpg,CD80,activate,CD80,No
23681892,23681892_page3_48.jpg,PTEN,inhibit,PI3K,Yes
29216787,29216787_page19_233.jpg,PTEN,inhibit,PI3K,Yes
29650275,29650275_page1_14.jpg,PTEN,inhibit,PI3K,Yes
31387181,31387181_page1_27.jpg,PTEN,inhibit,PI3K,Yes
31485605,31485605_page9_37.jpg,PTEN,inhibit,PI3K,Yes
33225619,33225619_page2_27.jpg,PTEN,inhibit,PI3K,Yes
23860613,23860613_page2_36.jpg,Pet,activate,AND,No
23860613,23860613_page2_36.jpg,Pet,activate,AND,No
23912485,23912485_page3_32.jpg,CAMP,activate,GAS,Yes
23912485,23912485_page5_48.jpg,VEGF,activate,CAMP,Yes
23932364,23932364_page5_641.jpg,HDAC1,inhibit,AC,Yes
24041630,24041630_page3_48.jpg,PDK1,activate,AKT,Yes
31917616,31917616_page46_222.jpg,PDK1,activate,AKT,Yes
33945380,33945380_page2_662.jpg,PDK1,activate,AKT,Yes
24041630,24041630_page3_48.jpg,MEK,activate,Raf,Yes
32750701,32750701_page2_58.jpg,MEK,activate,Raf,Yes
24041630,24041630_page3_48.jpg,PTEN,inhibit,PDK1,Yes
24041630,24041630_page3_49.jpg,p38,activate,AKT,Yes
24041630,24041630_page3_49.jpg,MAPK,activate,p38,Yes
24041630,24041630_page3_49.jpg,AKT,activate,SHC,Yes
24099768,24099768_page23_66.jpg,MIR92B,activate,MIR205,Yes
24099768,24099768_page23_66.jpg,MIR92B,activate,PTEN,No
24200043,24200043_page11_125.jpg,TF,activate,GENE,No
24200043,24200043_page11_125.jpg,TF,activate,GENE,No
24200043,24200043_page11_125.jpg,TF,activate,GENE,No
24200043,24200043_page11_125.jpg,TF,inhibit,GENE,No
24200043,24200043_page11_125.jpg,COSMC,activate,GAD,No
24258572,24258572_page2_27.jpg,STAT3,activate,VAV3,Yes
24258572,24258572_page2_27.jpg,GRB2,activate,FAK,Yes
24258572,24258572_page2_27.jpg,GRB2,activate,PI3K,Yes
24258572,24258572_page2_27.jpg,GRB2,activate,PI3K,Yes
24258572,24258572_page2_27.jpg,GRB2,activate,PI3K,Yes
24258572,24258572_page2_27.jpg,GRB2,activate,PI3K,Yes
32292093,32292093_page2_174.jpg,GRB2,activate,PI3K,Yes
24258572,24258572_page2_27.jpg,MEK,activate,ERK1,Yes
24258572,24258572_page2_27.jpg,PI3K,activate,RAS,Yes
24258572,24258572_page2_27.jpg,PI3K,activate,RAS,Yes
24389182,24389182_page4_13.jpg,PI3K,activate,RAS,Yes
30878128,30878128_page2_19.jpg,PI3K,activate,RAS,Yes
31361169,31361169_page2_60.jpg,PI3K,activate,RAS,Yes
31917616,31917616_page46_222.jpg,PI3K,activate,RAS,Yes
32736487,32736487_page3_197.jpg,PI3K,activate,RAS,Yes
32873398,32873398_page5_145.jpg,PI3K,activate,RAS,Yes
24258572,24258572_page2_27.jpg,Raf,activate,RAS,Yes
25535693,25535693_page43_1683.jpg,Raf,activate,RAS,Yes
26182407,26182407_page6_30.jpg,Raf,activate,RAS,Yes
26893312,26893312_page7_41.jpg,Raf,activate,RAS,Yes
24355409,24355409_page3_62.jpg,STAT3,activate,RAS,Yes
24355409,24355409_page3_62.jpg,STAT3,activate,RAS,Yes
24355409,24355409_page3_62.jpg,ERK,activate,Raf,Yes
33945380,33945380_page2_662.jpg,ERK,activate,Raf,Yes
24355409,24355409_page3_62.jpg,Raf,activate,ERK,Yes
24355409,24355409_page3_62.jpg,STAT3,activate,Raf,Yes
24389182,24389182_page4_13.jpg,AKT,activate,MTORC1,Yes
24389182,24389182_page4_13.jpg,PIP,activate,AKT,Yes
25601485,25601485_page1_29.jpg,PIP,activate,AKT,Yes
24389182,24389182_page4_13.jpg,MORC2,activate,AKT,No
24389182,24389182_page4_13.jpg,PTEN,activate,PI3K,No.
31485605,31485605_page9_37.jpg,PTEN,activate,PI3K,No.
32454155,32454155_page4_37.jpg,PTEN,activate,PI3K,No.
24389182,24389182_page4_13.jpg,AKT,activate,PTEN,Yes
29894909,29894909_page3_53.jpg,AKT,activate,PTEN,Yes
24389182,24389182_page4_13.jpg,PI3K,activate,PTEN,Yes
32615820,32615820_page64_320.jpg,PI3K,activate,PTEN,Yes
24389182,24389182_page4_13.jpg,MTORC1,inhibit,AKT,Yes
24486218,24486218_page8_127.jpg,CDC2,activate,G2,Yes
24486218,24486218_page8_127.jpg,MIR195,inhibit,CCNE1,No
24486218,24486218_page8_127.jpg,MIR195,inhibit,CCNE1,No
24486218,24486218_page8_127.jpg,MIR195,inhibit,MYB,No
24486218,24486218_page8_127.jpg,MIR195,inhibit,MYB,No
24486218,24486218_page8_127.jpg,MIR195,inhibit,MYB,No
24486218,24486218_page8_127.jpg,WEE1,activate,CDC2,Yes
24486218,24486218_page8_127.jpg,MIR195,inhibit,WEE1,No
24486218,24486218_page8_127.jpg,CCNE1,inhibit,CDK4,No
24486218,24486218_page8_127.jpg,MYB,inhibit,MIR195,No
24486218,24486218_page8_127.jpg,MIR195,inhibit,CDK4,No
24486218,24486218_page8_127.jpg,MIR195,inhibit,CDK4,No
24486218,24486218_page8_127.jpg,MIR195,inhibit,CDK4,No
24566035,24566035_page3_43.jpg,KRAS,activate,STAT,Yes
24566035,24566035_page3_43.jpg,KRAS,activate,STAT,Yes
24853389,24853389_page3_10.jpg,KRAS,activate,STAT,Yes
24853389,24853389_page3_10.jpg,KRAS,activate,STAT,Yes
24566035,24566035_page3_43.jpg,TSC2,inhibit,MTOR,Yes
33174364,33174364_page6_64.jpg,TSC2,inhibit,MTOR,Yes
24566035,24566035_page3_43.jpg,STAT,activate,MTOR,Yes
32750701,32750701_page2_58.jpg,STAT,activate,MTOR,Yes
24566035,24566035_page3_43.jpg,STAT,activate,KRAS,No
24566035,24566035_page3_43.jpg,MTOR,activate,STAT,Yes
31387256,31387256_page2_203.jpg,MTOR,activate,STAT,Yes
24618619,24618619_page10_39.jpg,ERK1,inhibit,BIM,No
24618619,24618619_page10_39.jpg,EGFR,activate,PI3K,Yes
31010761,31010761_page2_116.jpg,EGFR,activate,PI3K,Yes
31010761,31010761_page2_116.jpg,EGFR,activate,PI3K,Yes
24618619,24618619_page10_39.jpg,MYC,activate,BIM,Yes
24618619,24618619_page10_39.jpg,ERK1,activate,MYC,Yes
24618619,24618619_page10_39.jpg,RAS,activate,ERK1,Yes
24618619,24618619_page10_39.jpg,EGFR,activate,RAS,Yes
24618619,24618619_page10_39.jpg,MYC,inhibit,RAS,Yes
24618619,24618619_page10_39.jpg,RAS,activate,EGFR,Yes
24853389,24853389_page3_10.jpg,EGFR,activate,KRAS,Yes
24853389,24853389_page3_10.jpg,KIT,activate,KRAS,No
24853389,24853389_page3_10.jpg,RAS,activate,PLC-y,Yes
28795492,28795492_page1_3.jpg,RAS,activate,PLC-y,Yes
24980784,24980784_page9_73.jpg,AA,activate,WAS,No
25001183,25001183_page12_246.jpg,ERK1,activate,VEGFR2,Yes
25001183,25001183_page12_246.jpg,VEGF-C,activate,VEGF-C,No
25001183,25001183_page12_246.jpg,AND,activate,VEGFR-3,Yes
25001183,25001183_page12_246.jpg,AND,activate,VEGFR2,Yes
25001183,25001183_page12_246.jpg,VEGFR2,activate,ERK1,Yes
25001183,25001183_page12_246.jpg,AND,activate,AKT,Yes
25001183,25001183_page12_246.jpg,VEGF-C,activate,VEGF-A,Yes
25117641,25117641_page6_34.jpg,AKT,activate,ERBB3,Yes
25117641,25117641_page6_34.jpg,Hsp90,activate,AKT,No
25135624,25135624_page2_46.jpg,VEGF-A,inhibit,MIR126,No
25135624,25135624_page2_46.jpg,EGFR,inhibit,MIR146A,No
25257766,25257766_page1_24.jpg,BRAF,activate,MEK1,Yes
25257766,25257766_page1_24.jpg,MAP3K1,activate,MEK1,Yes
25257766,25257766_page1_24.jpg,MEK1,activate,ERK1,Yes
32954834,32954834_page83_711.jpg,MEK1,activate,ERK1,Yes
25257766,25257766_page1_24.jpg,RAS,activate,BRAF,Yes
30231382,30231382_page9_107.jpg,RAS,activate,BRAF,Yes
30231382,30231382_page9_107.jpg,RAS,activate,BRAF,Yes
30231382,30231382_page9_107.jpg,RAS,activate,BRAF,Yes
30231382,30231382_page9_107.jpg,RAS,activate,BRAF,Yes
30231382,30231382_page9_107.jpg,RAS,activate,BRAF,Yes
30231382,30231382_page9_107.jpg,RAS,activate,BRAF,Yes
30231382,30231382_page9_107.jpg,RAS,activate,BRAF,Yes
25257766,25257766_page1_24.jpg,RAF1,activate,MEK1,Yes
25257766,25257766_page1_24.jpg,COT,activate,MEK1,Yes
25297942,25297942_page7_29.jpg,NKD2,activate,FZD8,No
25344212,25344212_page1_20.jpg,DUSP6,activate,DUSP6,No
25467291,25467291_page4_98.jpg,Mmip-2,activate,MMP-9,Yes
25467291,25467291_page4_98.jpg,MMP-9,activate,Bcl-2,No
25467291,25467291_page4_98.jpg,MMP-9,activate,Bcl-2,No
25488861,25488861_page1_19.jpg,ERK,activate,MEK,Yes
25488861,25488861_page1_19.jpg,ERK,activate,MEK,Yes
25488861,25488861_page1_19.jpg,ERK,activate,MEK,Yes
26960735,26960735_page1_76.jpg,ERK,activate,MEK,Yes
26960735,26960735_page3_237.jpg,ERK,activate,MEK,Yes
27912827,27912827_page2_23.jpg,ERK,activate,MEK,Yes
27912827,27912827_page2_23.jpg,ERK,activate,MEK,Yes
29894909,29894909_page3_53.jpg,ERK,activate,MEK,Yes
30231382,30231382_page9_107.jpg,ERK,activate,MEK,Yes
31917616,31917616_page46_222.jpg,ERK,activate,MEK,Yes
32505631,32505631_page27_166.jpg,ERK,activate,MEK,Yes
32750701,32750701_page2_58.jpg,ERK,activate,MEK,Yes
34323489,34323489_page2_937.jpg,ERK,activate,MEK,Yes
25488861,25488861_page1_19.jpg,Raf,activate,Raf,Yes
25488861,25488861_page1_19.jpg,Raf,inhibit,ERK,Yes
25488861,25488861_page1_19.jpg,RAS,activate,RAS,No
25535693,25535693_page43_1683.jpg,RAS,activate,RAS,No
25535693,25535693_page43_1683.jpg,RAS,activate,RAS,No
26960735,26960735_page1_76.jpg,RAS,activate,RAS,No
26960735,26960735_page3_237.jpg,RAS,activate,RAS,No
25521548,25521548_page9_139.jpg,HOXB2,activate,ZNF114,No
25521548,25521548_page9_139.jpg,PC5,activate,PC3,No
25521548,25521548_page9_139.jpg,PC3,activate,PC2,No
25521548,25521548_page9_139.jpg,PC3,activate,PC2,No
25521548,25521548_page9_139.jpg,PC3,activate,PC5,No
25521548,25521548_page9_139.jpg,PC4,activate,PC5,No
25535693,25535693_page43_1683.jpg,ERK,activate,JNK,Yes
25535693,25535693_page43_1683.jpg,RALGDS,activate,RAS,No
25535693,25535693_page43_1683.jpg,RAC,activate,PDK1,Yes
25535693,25535693_page43_1683.jpg,MEKK,activate,JNK,Yes
25535693,25535693_page48_1695.jpg,HR,activate,HR,No
25557115,25557115_page0_113.jpg,Raf,activate,MEKK,Yes
25557115,25557115_page3_10.jpg,RAL,activate,RALBP1,Yes
25573651,25573651_page6_22.jpg,BiP,activate,IRE1,Yes
25573651,25573651_page6_22.jpg,BiP,activate,IRE1,Yes
25573651,25573651_page6_22.jpg,BiP,activate,BiP,Yes
25573651,25573651_page6_22.jpg,BiP,activate,BiP,Yes
25573651,25573651_page6_22.jpg,E2F,activate,ON,Yes
25573651,25573651_page6_22.jpg,CDK2,activate,RB,Yes
25573651,25573651_page6_22.jpg,IRE1,activate,IRE1,Yes
25573651,25573651_page6_22.jpg,IRE1,activate,IRE1,Yes
25573651,25573651_page6_22.jpg,PERK,activate,PERK,Yes
25573651,25573651_page6_22.jpg,HDAC,inhibit,SUV39H1,Yes
25573651,25573651_page6_22.jpg,HDAC,activate,RB,Yes
25573651,25573651_page6_22.jpg,CDK16,activate,RB,Yes
25573651,25573651_page6_22.jpg,CDK2,activate,P27KIP1,No
25573651,25573651_page6_22.jpg,CDK2,inhibit,P27KIP1,Yes
25573651,25573651_page6_22.jpg,ON,activate,E2F,Yes
25597412,25597412_page7_74.jpg,STAT3,inhibit,STAT3,No
25597412,25597412_page7_74.jpg,STAT3,activate,STAT3,No
25597412,25597412_page7_74.jpg,STAT3,activate,STAT3,No
25597412,25597412_page7_74.jpg,STAT3,activate,STAT3,No
25597412,25597412_page7_74.jpg,STAT3,activate,STAT3,No
25597412,25597412_page7_74.jpg,STAT3,activate,STAT3,No
25597412,25597412_page7_74.jpg,STAT3,activate,STAT3,No
25597412,25597412_page7_74.jpg,STAT3,activate,STAT3,No
25597412,25597412_page7_74.jpg,STAT3,activate,STAT3,No
25597412,25597412_page7_74.jpg,STAT3,activate,STAT3,No
34059647,34059647_page9_160.jpg,STAT3,activate,STAT3,No
34059647,34059647_page9_160.jpg,STAT3,activate,STAT3,No
34059647,34059647_page9_160.jpg,STAT3,activate,STAT3,No
25601485,25601485_page1_29.jpg,PTEN,inhibit,PIP,Yes
25601485,25601485_page1_29.jpg,AKT,activate,PIP,Yes
25601485,25601485_page1_29.jpg,p110,activate,PIP,Yes
25601485,25601485_page1_29.jpg,SOS,activate,p110,No.
25639867,25639867_page8_110.jpg,JAK,activate,STAT3,Yes
29216787,29216787_page19_233.jpg,JAK,activate,STAT3,Yes
31917616,31917616_page46_222.jpg,JAK,activate,STAT3,Yes
32307773,32307773_page3_36.jpg,JAK,activate,STAT3,Yes
33290717,33290717_page2_75.jpg,JAK,activate,STAT3,Yes
25639867,25639867_page8_110.jpg,TCF4,activate,G-CSF,Yes
25686496,25686496_page1_15.jpg,hsa-mir-628,activate,PSTPIP2,No
25686496,25686496_page1_15.jpg,TMEM14A,activate,KDM5B,No
25686496,25686496_page1_15.jpg,RBM5,activate,hsa-mir-628,No
25686496,25686496_page1_15.jpg,RBM5,activate,hsa-mir-628,No
25686496,25686496_page1_15.jpg,KDM5B,activate,hsa-mir-628,No
25686496,25686496_page1_15.jpg,MSRB1,activate,ARL6IP5,No
25686496,25686496_page1_15.jpg,hsa-mir-1271,activate,hsa-mir-628,No
25686496,25686496_page1_15.jpg,hsa-mir-1271,activate,ARL6IP5,No
25760961,25760961_page5_262.jpg,HMGA2,activate,Mcl-1,Yes
25760961,25760961_page5_262.jpg,miR-182,inhibit,RGS17,No
25760961,25760961_page5_262.jpg,BTG2,activate,PDCD4,No
25760961,25760961_page5_262.jpg,EMT,activate,HMGA2,Yes
25784483,25784483_page3_10.jpg,LIMK,inhibit,PAK,Yes
25784483,25784483_page3_10.jpg,ROCK,activate,LIMK,Yes
25784483,25784483_page3_10.jpg,RAC,activate,SSH,No
25784483,25784483_page3_10.jpg,RHO,inhibit,RAC,Yes
25784483,25784483_page3_10.jpg,CACTIN,inhibit,CFL1,No
25784483,25784483_page3_10.jpg,ERK,activate,ROCK,Yes
25784483,25784483_page3_10.jpg,ERK,inhibit,ROCK,No
25784483,25784483_page3_10.jpg,EGFR,activate,LIMK,Yes
25784483,25784483_page3_10.jpg,CACTIN,activate,CFL1,No
25936644,25936644_page0_619.jpg,PPP,activate,ROS,No
26036635,26036635_page5_31.jpg,p53,activate,MIR34A,No
26036635,26036635_page5_31.jpg,AURKA,inhibit,p53,No
26036635,26036635_page5_31.jpg,MIR32,inhibit,AURKA,Yes
27297636,27297636_page2_55.jpg,MIR32,inhibit,AURKA,Yes
26124189,26124189_page6_108.jpg,CML,inhibit,UPA,No
26124189,26124189_page6_108.jpg,MIR181A,inhibit,TALL,No
26124189,26124189_page6_108.jpg,MIR181A,inhibit,CML,No
26124189,26124189_page6_108.jpg,MIR181A,inhibit,OSC,No
26124189,26124189_page6_108.jpg,MIR181A,inhibit,OSC,No
26124189,26124189_page6_108.jpg,MIR181A,inhibit,GRP78,No
26124189,26124189_page6_108.jpg,MIR181A,activate,MIR181A,No
26125230,26125230_page2_9.jpg,p21,activate,BAX,Yes
26125230,26125230_page2_9.jpg,MDM2,activate,p53,Yes
26125230,26125230_page2_9.jpg,BAX,activate,PUMA,Yes
27102150,27102150_page5_20.jpg,BAX,activate,PUMA,Yes
26125230,26125230_page2_9.jpg,p53,activate,p53,No
26134219,26134219_page2_12.jpg,MHC,activate,PD-L1,Yes
26147006,26147006_page6_73.jpg,PI3K,activate,NF-KB,Yes
26147006,26147006_page6_73.jpg,PI3K,inhibit,VEGF,Yes
26182407,26182407_page2_17.jpg,Raf,activate,PI3K,Yes
26182407,26182407_page6_30.jpg,Raf,activate,PI3K,Yes
26182407,26182407_page2_17.jpg,AKT,inhibit,BIM,Yes
27912827,27912827_page2_23.jpg,AKT,inhibit,BIM,Yes
26182407,26182407_page6_30.jpg,Raf,activate,JAK,Yes
26182407,26182407_page6_30.jpg,JAK,activate,STAT,Yes
26802023,26802023_page5_22.jpg,JAK,activate,STAT,Yes
26802023,26802023_page5_24.jpg,JAK,activate,STAT,Yes
30865033,30865033_page1_6.jpg,JAK,activate,STAT,Yes
31010761,31010761_page2_116.jpg,JAK,activate,STAT,Yes
31387256,31387256_page2_203.jpg,JAK,activate,STAT,Yes
32292093,32292093_page2_174.jpg,JAK,activate,STAT,Yes
33435440,33435440_page2_101.jpg,JAK,activate,STAT,Yes
26685983,26685983_page0_57.jpg,KRAS,activate,MEK,Yes
26685983,26685983_page0_57.jpg,KRAS,activate,MEK,Yes
26685983,26685983_page0_57.jpg,EGFR,activate,MEK,Yes
26685983,26685983_page0_57.jpg,EGFR,activate,MEK,Yes
26685983,26685983_page0_57.jpg,MEK,activate,KRAS,Yes
26719121,26719121_page3_11.jpg,R1,activate,R2,No
26719121,26719121_page3_11.jpg,R1,activate,R2,No
26719121,26719121_page3_11.jpg,R1,activate,R2,No
26719121,26719121_page3_11.jpg,R1,activate,R2,No
26719121,26719121_page3_11.jpg,R2,activate,R1,No
26719121,26719121_page3_11.jpg,R2,activate,R1,No
26719121,26719121_page3_11.jpg,R2,activate,R1,No
26719121,26719121_page3_11.jpg,R2,activate,R1,No
26802023,26802023_page2_7.jpg,PI3K,activate,MAPK,Yes
26802023,26802023_page2_7.jpg,PI3K,activate,MAPK,Yes
26802023,26802023_page5_22.jpg,PI3K,activate,MAPK,Yes
26802023,26802023_page2_7.jpg,PI3K,activate,MTOR,Yes
26802023,26802023_page5_22.jpg,PI3K,activate,MTOR,Yes
26802023,26802023_page5_24.jpg,PI3K,activate,MTOR,Yes
26802023,26802023_page2_7.jpg,MAPK,activate,ERK,Yes
26802023,26802023_page2_9.jpg,MAPK,activate,ERK,Yes
26802023,26802023_page5_22.jpg,MAPK,activate,ERK,Yes
26802023,26802023_page5_24.jpg,MAPK,activate,ERK,Yes
30878128,30878128_page2_19.jpg,MAPK,activate,ERK,Yes
31010761,31010761_page2_116.jpg,MAPK,activate,ERK,Yes
26802023,26802023_page2_9.jpg,EML4-ALK,activate,MAPK,Yes
26802023,26802023_page2_9.jpg,EML4-ALK,activate,PI3K,Yes
26802023,26802023_page5_24.jpg,EML4-ALK,activate,PI3K,Yes
26802023,26802023_page5_24.jpg,EML4-ALK,activate,PI3K,Yes
26802023,26802023_page5_24.jpg,EML4-ALK,activate,PI3K,Yes
33225619,33225619_page2_27.jpg,EML4-ALK,activate,PI3K,Yes
26802023,26802023_page5_22.jpg,JAK,activate,PI3K,Yes
31010761,31010761_page2_116.jpg,JAK,activate,PI3K,Yes
26809240,26809240_page5_113.jpg,Bst1,activate,DAZAP1,No
26809240,26809240_page5_113.jpg,Bst1,activate,DAZAP1,No
26809240,26809240_page5_113.jpg,MAGI-2,activate,Bst1,No
26809240,26809240_page5_113.jpg,FAK1,activate,VIL2,No
26809240,26809240_page5_113.jpg,p190RhoGEF,activate,DBL,Yes
26809240,26809240_page5_113.jpg,PTEN,activate,Bst1,No
26809240,26809240_page5_113.jpg,GRB2,activate,Bst1,Yes
26809240,26809240_page5_113.jpg,DOCK2,activate,DOCK4,No
26809240,26809240_page5_113.jpg,VIL2,activate,N-WASP,Yes
26861738,26861738_page4_100.jpg,MTOR,activate,PI3K,Yes
32292093,32292093_page2_174.jpg,MTOR,activate,PI3K,Yes
26861738,26861738_page4_100.jpg,AMPK,inhibit,MTOR,Yes
28208579,28208579_page5_302.jpg,AMPK,inhibit,MTOR,Yes
26893312,26893312_page7_41.jpg,MEK1,activate,Raf,Yes
26893312,26893312_page7_41.jpg,MEK1,activate,ERK,Yes
26898616,26898616_page6_80.jpg,ERK,activate,MAPK,Yes
26922479,26922479_page5_250.jpg,DLG,activate,PI3K,Yes
27066905,27066905_page4_61.jpg,BRAF,activate,MEK,Yes
27066905,27066905_page4_61.jpg,BRAF,activate,MEK,Yes
28109399,28109399_page36_658.jpg,BRAF,activate,MEK,Yes
30231382,30231382_page9_107.jpg,BRAF,activate,MEK,Yes
30231382,30231382_page9_107.jpg,BRAF,activate,MEK,Yes
30231382,30231382_page9_107.jpg,BRAF,activate,MEK,Yes
30231382,30231382_page9_107.jpg,BRAF,activate,MEK,Yes
30231382,30231382_page9_107.jpg,BRAF,activate,MEK,Yes
30231382,30231382_page9_107.jpg,BRAF,activate,MEK,Yes
27066905,27066905_page4_61.jpg,MAPK,activate,MUC5AC,Yes
27066905,27066905_page4_61.jpg,MAPK,activate,MEK,Yes
27912827,27912827_page2_23.jpg,MAPK,activate,MEK,Yes
32292093,32292093_page2_174.jpg,MAPK,activate,MEK,Yes
27066905,27066905_page4_61.jpg,ALK,activate,KRAS,No
27102150,27102150_page3_12.jpg,SOD,activate,DNA,No
27102150,27102150_page3_12.jpg,COPD,activate,DAMAGE,No
27102150,27102150_page3_12.jpg,GSH,activate,SOD,No.
27102150,27102150_page5_20.jpg,GO,activate,PCNA,No.
27102150,27102150_page5_20.jpg,PUMA,activate,HDAC1,No
27102150,27102150_page5_20.jpg,PUMA,activate,HDAC1,No
27102150,27102150_page5_20.jpg,G2,activate,BAX,Yes
27102150,27102150_page5_20.jpg,PUMA,activate,BAX,Yes
27102150,27102150_page5_20.jpg,PCNA,activate,GO,No
27297636,27297636_page2_55.jpg,miR-137,inhibit,ULK2,Yes
27297636,27297636_page2_55.jpg,miR-137,inhibit,IBTK,No
27297636,27297636_page2_55.jpg,KIT,inhibit,IBTK,No
27381269,27381269_page59_356.jpg,RAS,activate,PKC,Yes
27426430,27426430_page27_332.jpg,PD-L2,inhibit,APC,Yes
27426430,27426430_page27_332.jpg,CD28,activate,PD-1,No
27426430,27426430_page27_332.jpg,CD28,inhibit,B7-1,Yes
27426430,27426430_page27_332.jpg,PD-L1,inhibit,PD-1,Yes
31795742,31795742_page11_292.jpg,PD-L1,inhibit,PD-1,Yes
27502726,27502726_page30_99.jpg,P-gp,activate,TOP2A,No
27581786,27581786_page21_97.jpg,CXCL12,activate,AKT1,Yes
27581786,27581786_page21_97.jpg,MMP9,activate,TIMP1,Yes
27581786,27581786_page21_97.jpg,MMP,activate,MMP1,Yes
27581786,27581786_page21_97.jpg,MMP,activate,MMP1,Yes
27581786,27581786_page21_97.jpg,SPARC,activate,TIMP1,Yes
27581786,27581786_page21_97.jpg,TCF3,inhibit,INS,No
27581786,27581786_page21_97.jpg,TIMP2,activate,MMP1,No
27581786,27581786_page21_97.jpg,ERVWE1,activate,AKT1,No
27581786,27581786_page21_97.jpg,VEGFA,activate,AKT1,Yes
27581786,27581786_page21_97.jpg,SNAI2,activate,TIMP1,No
27693505,27693505_page22_391.jpg,NOT,activate,ALK,No
27840927,27840927_page6_16.jpg,EIF3B,activate,EIF3A,No.
27840927,27840927_page6_16.jpg,EIF4A2,activate,EIF3A,Yes
27897231,27897231_page8_167.jpg,AKT,activate,4E-BP1,Yes
27897231,27897231_page8_167.jpg,PI3K,inhibit,AKT,Yes
27912827,27912827_page2_23.jpg,p53,inhibit,BCL2,Yes
27912827,27912827_page2_23.jpg,AKT,inhibit,PTEN,Yes
27912827,27912827_page2_23.jpg,AKT,activate,BIM,Yes
31002952,31002952_page10_228.jpg,AKT,activate,BIM,Yes
28102575,28102575_page1_4.jpg,BCL-W,inhibit,BAX,Yes
28102575,28102575_page1_4.jpg,BCL-W,inhibit,BAX,Yes
28102575,28102575_page1_4.jpg,BMF,inhibit,BCL-W,Yes
28102575,28102575_page1_4.jpg,BMF,inhibit,BCL-W,Yes
28109399,28109399_page36_658.jpg,ERK,activate,CDK4,Yes
28109399,28109399_page36_658.jpg,KRAS,activate,BRAF,Yes
28109399,28109399_page36_658.jpg,RAL,activate,PLD1,No
28109399,28109399_page36_658.jpg,ERK,activate,RHOA,Yes
28109399,28109399_page36_658.jpg,RHOA,activate,FAK,Yes
28208579,28208579_page5_302.jpg,MTOR,inhibit,AMPK,Yes
28208579,28208579_page5_302.jpg,p53,inhibit,FIP200,Yes
28208579,28208579_page5_302.jpg,p53,inhibit,AMPK,Yes
28208579,28208579_page5_302.jpg,BAX,activate,p53,Yes
28208579,28208579_page7_414.jpg,MTORC1,inhibit,4E-BP1,Yes
28208579,28208579_page7_414.jpg,MTORC1,inhibit,ULK1,Yes
29650275,29650275_page1_14.jpg,MTORC1,inhibit,ULK1,Yes
28208579,28208579_page7_414.jpg,MTORC1,activate,p70S6Kb,Yes
28208579,28208579_page7_414.jpg,ERK,activate,MTORC1,Yes
28208579,28208579_page7_414.jpg,AMPK,inhibit,MTORC1,Yes
28208579,28208579_page7_414.jpg,PI3K,activate,MORC2,Yes
28208579,28208579_page7_414.jpg,AMPK,activate,MTORC1,Yes
28208579,28208579_page7_414.jpg,ERK,activate,TSC1,Yes
28208579,28208579_page7_414.jpg,AKT,inhibit,Raf,Yes
28412955,28412955_page10_215.jpg,p65,activate,SNAIL,Yes
28412955,28412955_page10_215.jpg,LKB,activate,P50,Yes
28412955,28412955_page10_215.jpg,SMAD3,activate,NKILA,No
28412955,28412955_page10_215.jpg,IKK,activate,LKB,Yes
28412955,28412955_page10_215.jpg,EMT,activate,SNAIL,Yes
34506873,34506873_page51_161.jpg,EMT,activate,SNAIL,Yes
28412955,28412955_page10_215.jpg,SMAD3,activate,SMAD2,Yes
28412955,28412955_page10_215.jpg,SMAD4,activate,SMAD2,Yes
32750701,32750701_page2_58.jpg,SMAD4,activate,SMAD2,Yes
28412955,28412955_page10_215.jpg,SNAIL,inhibit,EMT,Yes
28412955,28412955_page10_215.jpg,SMAD4,inhibit,SMAD2,Yes
28412955,28412955_page10_215.jpg,SNAIL,activate,EMT,Yes
28412955,28412955_page10_215.jpg,p65,activate,p65,No
28463570,28463570_page18_222.jpg,WD,activate,Raf,Yes
28463570,28463570_page18_222.jpg,WD,activate,EML4,No.
28501728,28501728_page4_38.jpg,TP53,activate,CD82,No
28501728,28501728_page4_38.jpg,TP53,inhibit,TFRC,No
28501728,28501728_page4_38.jpg,PTGS2,activate,TP53,No
28501728,28501728_page4_38.jpg,PTGS2,activate,TP53,No
28501728,28501728_page4_38.jpg,PTGS2,activate,TP53,No
28501728,28501728_page4_38.jpg,TP53,activate,TFRC,No.
28501728,28501728_page4_38.jpg,RND3,activate,TP53,Yes
28501728,28501728_page4_38.jpg,BDNF,activate,TP53,No
28501728,28501728_page4_38.jpg,TP53,inhibit,BDNF,No
28501728,28501728_page4_38.jpg,PTGS2,inhibit,TP53,No
28570035,28570035_page33_71.jpg,SLC2A1,activate,SERPINE,No
28570035,28570035_page35_76.jpg,PGAM,activate,SERPINE,No.
28570035,28570035_page35_76.jpg,PGAM,activate,PGK,Yes
28570035,28570035_page35_76.jpg,PKM,activate,ENO,Yes
28570035,28570035_page35_76.jpg,ENO,activate,PGAM,Yes
28570035,28570035_page35_76.jpg,PGK,activate,GAPDH,Yes
28570035,28570035_page35_76.jpg,ACC,activate,PDH,Yes
28570035,28570035_page35_76.jpg,GAPDH,activate,PGK,No
28570035,28570035_page35_76.jpg,BCAA,inhibit,BCAT,No
28625620,28625620_page1_7.jpg,PI3,activate,PI2,Yes
28717185,28717185_page13_107.jpg,PKC,activate,BAD,Yes
28727543,28727543_page7_41.jpg,EGF,activate,EGFR,Yes
28795492,28795492_page1_3.jpg,SAT3,activate,MTOR,Yes
28795492,28795492_page1_3.jpg,S6K,activate,MTOR,Yes
34323489,34323489_page2_937.jpg,S6K,activate,MTOR,Yes
28795492,28795492_page1_3.jpg,PIP2,activate,PLC-y,Yes
28795492,28795492_page1_3.jpg,CELL,activate,PI3K,Yes
28795492,28795492_page1_3.jpg,PI3K,activate,SAT3,Yes
28990243,28990243_page2_14.jpg,MIR,inhibit,BIM,No
28990243,28990243_page4_28.jpg,ITGB1,inhibit,MIR134,No
28990243,28990243_page4_28.jpg,MIR134,inhibit,VIM,No
28990243,28990243_page4_28.jpg,TGFB,activate,EMT,Yes
28990243,28990243_page4_28.jpg,TGFB,activate,EMT,Yes
28990243,28990243_page4_28.jpg,ITGB1,inhibit,MIR30C,No
28990243,28990243_page4_28.jpg,MIR124,inhibit,SLUG,No
29156447,29156447_page49_104.jpg,SHP-2,activate,PI3K,Yes
29167009,29167009_page3_11.jpg,EML4-ALK,activate,MEK,Yes
29167009,29167009_page3_11.jpg,PD-L1,activate,PD-L1,No
29167009,29167009_page3_11.jpg,MEK,activate,c-Jun,Yes
29167009,29167009_page3_11.jpg,PI3K,activate,PD-L1,Yes
29167009,29167009_page3_11.jpg,PD-L1,inhibit,MHC,Yes
29167009,29167009_page3_11.jpg,MEK,activate,EGFR,Yes
29167009,29167009_page3_11.jpg,PD-L1,activate,MHC,Yes
29191605,29191605_page3_31.jpg,PP5,inhibit,AMPK,Yes
29216787,29216787_page19_233.jpg,ERK,activate,MTOR,Yes
29216787,29216787_page19_233.jpg,AKT,activate,PI3K,Yes
29693703,29693703_page5_14.jpg,AKT,activate,PI3K,Yes
32450595,32450595_page1_61.jpg,AKT,activate,PI3K,Yes
32873398,32873398_page5_145.jpg,AKT,activate,PI3K,Yes
29227909,29227909_page4_84.jpg,MHC,activate,CD28,Yes
29588475,29588475_page2_90.jpg,BAFFR,activate,NIK,No
29588475,29588475_page2_90.jpg,RANK,activate,NIK,No
29588475,29588475_page2_90.jpg,LTBR,activate,NIK,No
29588475,29588475_page2_90.jpg,CD40,activate,NIK,Yes
29650275,29650275_page1_14.jpg,p53,activate,AMPK,No
29650275,29650275_page1_14.jpg,TSC1,inhibit,AKT,Yes
29650275,29650275_page1_14.jpg,AMPK,activate,ULK1,Yes
29650275,29650275_page1_14.jpg,CHK2,activate,p53,Yes
29650275,29650275_page1_14.jpg,MTORC1,activate,ULK1,Yes
29693703,29693703_page4_10.jpg,MPE,activate,HOST,No.
29693703,29693703_page4_10.jpg,HOST,activate,MPE,No
29693703,29693703_page5_14.jpg,PLC,activate,PKC,Yes
29693703,29693703_page5_14.jpg,RAS,activate,MAPK,Yes
31010761,31010761_page2_116.jpg,RAS,activate,MAPK,Yes
29693703,29693703_page5_14.jpg,VEGF,activate,VEGF,No
29693703,29693703_page5_14.jpg,VEGF,activate,VEGF,No
29693703,29693703_page5_14.jpg,VEGF,activate,HIF-1,Yes
29726094,29726094_page4_32.jpg,NCRNA,activate,EMT,No
29726094,29726094_page4_32.jpg,EMT,activate,Met,Yes
29729495,29729495_page44_89.jpg,TSC2,inhibit,RHEB,Yes
29729495,29729495_page44_89.jpg,RHEB,activate,MTOR,Yes
29729495,29729495_page44_89.jpg,ERK1,activate,DNA,Yes
29729495,29729495_page44_89.jpg,ARAF,activate,MEK1,Yes
29729495,29729495_page44_89.jpg,SOS,activate,PI3K,Yes
29729495,29729495_page44_89.jpg,MTOR,activate,DNA,Yes
29729495,29729495_page44_89.jpg,DNA,activate,ERK1,Yes
29729495,29729495_page48_101.jpg,BRAF,activate,BRAF,No
29729495,29729495_page48_101.jpg,BRAF,inhibit,BRAF,No
29729495,29729495_page48_101.jpg,BRAF,inhibit,BRAF,No
29729495,29729495_page48_101.jpg,BRAF,inhibit,BRAF,No
29894909,29894909_page3_53.jpg,K-Ras,activate,TIAM,Yes
29894909,29894909_page3_53.jpg,TIAM,activate,RAC,No
29894909,29894909_page3_53.jpg,PAK,activate,RAC,Yes
29894909,29894909_page3_53.jpg,RAC,activate,PAK,Yes
29894909,29894909_page3_53.jpg,RAC,activate,PAK,Yes
29894909,29894909_page3_53.jpg,RAC,activate,RAC,Yes
29894909,29894909_page3_53.jpg,RAC,activate,RAC,Yes
29894909,29894909_page3_53.jpg,K-Ras,activate,PI3K,Yes
29958628,29958628_page6_182.jpg,SRS,activate,SR,Yes
29958628,29958628_page6_182.jpg,SRS,activate,SR,Yes
29970127,29970127_page12_212.jpg,FAK,activate,ERK1,Yes
29970127,29970127_page12_212.jpg,SRC,activate,AKT,Yes
29970127,29970127_page12_212.jpg,SNAIL,activate,MMP9,No
29970127,29970127_page12_212.jpg,ERK1,activate,SNAIL,Yes
,,AKT,activate,CYCLIN,Yes
30043491,30043491_page32_216.jpg,NEMO,activate,TRIM37,No
30068711,30068711_page34_356.jpg,DO,inhibit,D8,No
30068711,30068711_page34_363.jpg,CRT,inhibit,CRT,No
30068711,30068711_page34_364.jpg,CRT,activate,CRT,No
30068711,30068711_page34_364.jpg,TRAM,activate,CRT,No
30068711,30068711_page34_364.jpg,CRT,inhibit,TRAM,No
30131267,30131267_page2_48.jpg,HRP,activate,HRP,No
30131267,30131267_page2_48.jpg,HRP,activate,HRP,No
30131267,30131267_page2_48.jpg,HRP,activate,HRP,No
30217255,30217255_page26_90.jpg,TF,activate,p38,Yes
30217255,30217255_page26_90.jpg,TF,activate,p38,Yes
30217255,30217255_page26_90.jpg,TF,activate,JNK,Yes
30217255,30217255_page26_90.jpg,MAP2K,activate,ERK,Yes
30217255,30217255_page26_90.jpg,MAP2K,activate,JNK,Yes
30217255,30217255_page26_90.jpg,MAP2K,activate,p38,Yes
30217255,30217255_page26_90.jpg,JNK,activate,TF,Yes
30217255,30217255_page26_90.jpg,p38,activate,JNK,Yes
30217255,30217255_page26_90.jpg,MAP3K,activate,MAP2K,Yes
30217255,30217255_page26_90.jpg,ERK,activate,p38,Yes
30231382,30231382_page9_107.jpg,RAS,activate,NRAS,Yes
30231382,30231382_page9_107.jpg,NRAS,activate,CRAF,Yes
30318082,30318082_page15_89.jpg,EGFR,activate,MTOR,Yes
30362533,30362533_page13_151.jpg,VIM,activate,PDIA3,No
30362533,30362533_page7_91.jpg,SPY,activate,WAS,No
30419315,30419315_page0_223.jpg,AND,activate,DO,No
33130228,33130228_page0_212.jpg,AND,activate,DO,No
30419315,30419315_page26_117.jpg,MIR34A,inhibit,AXL,Yes
30419315,30419315_page26_117.jpg,MIR34A,activate,SNAIL1,No
30419315,30419315_page26_117.jpg,MIR186,activate,TWIST1,No
30419315,30419315_page26_117.jpg,MIR186,inhibit,ZEB1,No
30419315,30419315_page26_117.jpg,SNAIL1,activate,MIR34A,No
30419315,30419315_page26_117.jpg,TWIST1,activate,MIR186,Yes
30419315,30419315_page26_117.jpg,MIR34A,activate,AXL,Yes
30419315,30419315_page28_137.jpg,AMPK,activate,AMOTL1,Yes
30419315,30419315_page28_137.jpg,TEAD,activate,AXL,Yes
30419315,30419315_page28_137.jpg,AMPK,activate,YAP,No
30419315,30419315_page28_137.jpg,EMT,activate,AXL,Yes
30419315,30419315_page29_147.jpg,GAS6,inhibit,AXL,Yes
30419315,30419315_page29_147.jpg,GAS6,inhibit,AXL,Yes
30499220,30499220_page5_50.jpg,PD1,activate,PDL1,Yes
30499220,30499220_page5_50.jpg,PD1,activate,PDL1,Yes
30499220,30499220_page5_50.jpg,PD1,activate,PDL1,Yes
30499220,30499220_page5_50.jpg,PDL1,activate,PD1,Yes
30499220,30499220_page5_50.jpg,PDL1,activate,PD1,Yes
30551551,30551551_page12_252.jpg,VEGFR2,activate,CDC42,No.
30551551,30551551_page12_252.jpg,CDC37,activate,AKT,Yes
30551551,30551551_page12_252.jpg,Bcl-2,inhibit,CCND1,Yes
30551551,30551551_page12_252.jpg,AC,activate,TRADD,Yes
30551551,30551551_page12_252.jpg,TNFR,activate,TRADD,Yes
30551551,30551551_page12_252.jpg,AKT,activate,P27,Yes
30606144,30606144_page2_41.jpg,Pet,activate,Pet,No
30606144,30606144_page2_41.jpg,Pet,activate,Pet,No
30704051,30704051_page3_357.jpg,FMT,activate,CAF,No
30704051,30704051_page3_357.jpg,CAF,activate,EMT,Yes
30865033,30865033_page1_6.jpg,ALK,activate,RAS,Yes
30865033,30865033_page1_6.jpg,RET,activate,JAK,Yes
30878128,30878128_page2_19.jpg,JAK2,activate,RAS,No
30878128,30878128_page2_19.jpg,JAK2,activate,RAS,No
30878128,30878128_page2_19.jpg,JAK2,activate,RAS,No
30878128,30878128_page2_19.jpg,JAK2,activate,RAS,No
30878128,30878128_page2_19.jpg,MEX,activate,ERK,Yes
30878128,30878128_page2_19.jpg,RAS,activate,JAK2,Yes
30878128,30878128_page2_19.jpg,ERK,activate,MEX,Yes
30878128,30878128_page2_19.jpg,RAS,activate,MEX,Yes
30878128,30878128_page2_19.jpg,MAPK,activate,JAK2,Yes
30982492,30982492_page3_44.jpg,FAK,activate,SRC,Yes
30982492,30982492_page3_44.jpg,MIR-21,inhibit,PTEN,Yes
30982492,30982492_page3_44.jpg,CD44,activate,EGFR,Yes
30982492,30982492_page3_44.jpg,FAK,inhibit,MIR-21,Yes
30982492,30982492_page3_44.jpg,NF-KB,activate,FAK,Yes
31002952,31002952_page10_228.jpg,BCL2,inhibit,p53,Yes
31002952,31002952_page10_228.jpg,AKT,inhibit,PIK3CA,Yes
31002952,31002952_page10_228.jpg,BIM,inhibit,AKT,Yes
31010761,31010761_page2_116.jpg,JAK,activate,RAS,Yes
31010761,31010761_page2_116.jpg,JAK,activate,RAS,Yes
31025554,31025554_page1_11.jpg,DEGS,activate,GO,No
31025554,31025554_page1_11.jpg,DEGS,activate,GO,No
31025554,31025554_page1_11.jpg,DEGS,activate,GO,No
31025554,31025554_page1_11.jpg,DEGS,activate,GO,No
31025554,31025554_page1_11.jpg,DEGS,activate,GO,No
31025554,31025554_page1_11.jpg,GO,activate,DEGS,No
31155338,31155338_page4_126.jpg,PPT1,activate,PKC,Yes
31155338,31155338_page4_126.jpg,SMARCA4,activate,ABHD2,No
31155338,31155338_page4_126.jpg,SMYD2,activate,PKC,Yes
31155338,31155338_page4_126.jpg,SMYD2,activate,CHMP4C,No
31172347,31172347_page2_28.jpg,KRAS,activate,TP53,Yes
31172347,31172347_page2_28.jpg,KRAS,activate,STK11,Yes
31209840,31209840_page22_304.jpg,CTLA-4,inhibit,PD-1,Yes
31209840,31209840_page22_304.jpg,MHC,inhibit,CTLA-4,No
31215445,31215445_page11_218.jpg,p53,activate,PARP,Yes
31215445,31215445_page11_218.jpg,CG,activate,FAS,No
31215445,31215445_page11_218.jpg,BAX,activate,BID,Yes
31215445,31215445_page11_218.jpg,BID,activate,BAX,Yes
31215445,31215445_page11_218.jpg,Bcl-2,inhibit,BID,Yes
31228648,31228648_page20_234.jpg,PARP1,inhibit,MTOR,Yes
31228648,31228648_page20_234.jpg,PARP1,inhibit,NF-KB,Yes
31228648,31228648_page20_234.jpg,NF-KB,activate,MURF-1,Yes
31228648,31228648_page20_234.jpg,PPARA,activate,S10,No
31228648,31228648_page20_234.jpg,TLR4,activate,HSP70,Yes
31238096,31238096_page1_17.jpg,PEP,activate,PCK2,Yes
31238096,31238096_page1_17.jpg,PEP,activate,PCK2,Yes
31256210,31256210_page2_52.jpg,MEK,inhibit,Raf,Yes
31361169,31361169_page2_60.jpg,SRC,inhibit,E2,Yes
31361169,31361169_page2_60.jpg,SRC,activate,E2,Yes
31368815,31368815_page4_361.jpg,SHC,activate,STAT3,Yes
31387181,31387181_page1_27.jpg,bcl-xL,activate,NF-KB,No
31387181,31387181_page1_27.jpg,bcl-xL,activate,NF-KB,No
31387181,31387181_page1_27.jpg,bcl-xL,activate,MTOR,Yes
31387181,31387181_page1_27.jpg,LAT,activate,RAS,Yes
31387181,31387181_page1_27.jpg,PTEN,activate,PTEN,No
31387181,31387181_page1_27.jpg,SHP2,inhibit,ZAP70,Yes
31387181,31387181_page1_27.jpg,SHP2,inhibit,ZAP70,Yes
31387181,31387181_page1_27.jpg,ZAP70,activate,LCK,Yes
31387181,31387181_page1_27.jpg,ZAP70,activate,PI3K,Yes
31387181,31387181_page1_27.jpg,SHP2,activate,PI3K,Yes
31387181,31387181_page1_27.jpg,SHP2,inhibit,PI3K,Yes
31387256,31387256_page10_565.jpg,YAP,inhibit,ERK,Yes
31387256,31387256_page10_565.jpg,TEAD,activate,YAP,Yes
31387256,31387256_page10_565.jpg,TEAD,activate,YAP,Yes
31387256,31387256_page10_565.jpg,TEAD,activate,YAP,Yes
31387256,31387256_page10_565.jpg,YAP,activate,YAP,Yes
31387256,31387256_page10_565.jpg,YAP,activate,YAP,Yes
31387256,31387256_page7_419.jpg,YAP,activate,YAP,Yes
31387256,31387256_page7_419.jpg,YAP,activate,YAP,Yes
31387256,31387256_page10_565.jpg,YAP,activate,CTGF,Yes
31387256,31387256_page10_565.jpg,CTGF,activate,TEAD,Yes
31387256,31387256_page10_565.jpg,ERBB4,activate,ERBB3,Yes
31387256,31387256_page10_565.jpg,YAP,inhibit,TEAD,Yes
31387256,31387256_page2_203.jpg,RAS,activate,JAK,Yes
31387256,31387256_page2_203.jpg,RAS,activate,JAK,Yes
31387256,31387256_page2_203.jpg,STAT,activate,ERK,Yes
31387256,31387256_page2_203.jpg,JAK,inhibit,EGFR,Yes
31387256,31387256_page2_203.jpg,MTOR,activate,ERK,Yes
31387256,31387256_page2_203.jpg,ERK,activate,STAT,Yes
31387256,31387256_page5_313.jpg,AND,inhibit,PD-L1,Yes
31387256,31387256_page7_419.jpg,YAP,inhibit,MAPK,Yes
31387256,31387256_page7_419.jpg,MAPK,inhibit,YAP,Yes
31387256,31387256_page7_419.jpg,MAPK,activate,EGFR,Yes
31387256,31387256_page7_419.jpg,YAP,activate,c-Jun,Yes
31387256,31387256_page7_419.jpg,TEAD,activate,c-Jun,Yes
31391058,31391058_page6_108.jpg,FAS,inhibit,survivin,Yes
31391058,31391058_page6_108.jpg,p21,inhibit,CDK2,Yes
31391058,31391058_page6_108.jpg,p53,activate,FAS,No
31485605,31485605_page9_37.jpg,AKT,activate,FAK,Yes
31485605,31485605_page9_37.jpg,ROCK1,inhibit,PTEN,Yes
31485605,31485605_page9_37.jpg,PTEN,inhibit,ROCK1,Yes
31545260,31545260_page1_22.jpg,ATP,activate,ADP,Yes
31545260,31545260_page1_22.jpg,CK1,activate,GSK3B,Yes
31545260,31545260_page1_22.jpg,TCF,activate,CBP,Yes
31545260,31545260_page1_22.jpg,TCF,inhibit,CBP,Yes
31545260,31545260_page2_41.jpg,NLK,inhibit,TAK1,No
31545260,31545260_page2_41.jpg,RAC,activate,JNK,Yes
31545260,31545260_page2_41.jpg,RHO,activate,ROCK,Yes
31545260,31545260_page2_41.jpg,DAAM1,activate,RHO,Yes
31545260,31545260_page2_41.jpg,PLC,activate,PDE,Yes
31545260,31545260_page2_41.jpg,PKC,activate,CaMKIII,Yes
31545260,31545260_page5_142.jpg,SFRP,inhibit,WNT,Yes
31545260,31545260_page5_142.jpg,DKK,inhibit,WNT,Yes
31545260,31545260_page5_142.jpg,SFRP,activate,DKK,No
31545260,31545260_page5_142.jpg,DKK,activate,DKK1,Yes
31545260,31545260_page5_142.jpg,RAB37,activate,SFRP,No
31545260,31545260_page5_142.jpg,SFRP,activate,DKK1,No
31630262,31630262_page10_207.jpg,EMT,activate,ZEB,Yes
31630262,31630262_page10_207.jpg,EMT,inhibit,EY-CADHERIN,Yes
,,CYCLIN,D1,inhibit,No
,,E2F7,inhibit,CYCLIN,No
31630262,31630262_page8_165.jpg,CDK2,inhibit,p21,Yes
31630262,31630262_page8_165.jpg,E2F7,inhibit,p21,Yes
31652618,31652618_page3_98.jpg,C3,activate,C4,No
31775888,31775888_page14_264.jpg,STATI,activate,JAK,No.
31775888,31775888_page14_264.jpg,HNRNPC,activate,STATI,No.
31775888,31775888_page14_264.jpg,STATI,activate,HNRNPC,No.
31775888,31775888_page14_264.jpg,STATI,activate,STATI,No
31795742,31795742_page10_271.jpg,FAS,activate,FADD,Yes
31795742,31795742_page10_271.jpg,IRT-1,inhibit,NF-KB,Yes
31795742,31795742_page10_271.jpg,IKB,activate,NF-KB,Yes
31795742,31795742_page10_271.jpg,IKB,activate,NF-KB,Yes
31795742,31795742_page10_271.jpg,TRAIL-R,activate,FADD,Yes
31795742,31795742_page10_271.jpg,IKK,activate,AKT,Yes
31795742,31795742_page10_271.jpg,IKK,activate,IKB,Yes
31795742,31795742_page10_271.jpg,MRGX,inhibit,UPA,No
31917616,31917616_page46_222.jpg,PI3K,activate,PDK1,Yes
33945380,33945380_page2_662.jpg,PI3K,activate,PDK1,Yes
31917616,31917616_page46_222.jpg,STAT3,activate,JAK,Yes
31942592,31942592_page11_116.jpg,YAP1,inhibit,VEGF-A,No
31942592,31942592_page2_72.jpg,VEGF-A,inhibit,VEGFR2,Yes
32004572,32004572_page23_149.jpg,EGFR,activate,ERK,Yes
32004572,32004572_page23_149.jpg,RIP1,activate,MLKL,Yes
32004572,32004572_page23_149.jpg,EGFR,activate,AKT,Yes
32004572,32004572_page23_149.jpg,AKT,activate,cFLIP,Yes
32004572,32004572_page23_149.jpg,RIP1,activate,RIP1,Yes
32005431,32005431_page4_95.jpg,MTOR,activate,NF-KB,Yes
32750701,32750701_page2_58.jpg,MTOR,activate,NF-KB,Yes
34323489,34323489_page2_936.jpg,MTOR,activate,NF-KB,Yes
32014457,32014457_page36_222.jpg,ATF4,inhibit,ATF4,No
32014457,32014457_page36_222.jpg,ATF4,inhibit,ASNS,No
32062493,32062493_page14_36.jpg,PI3K,inhibit,HIRS-1,Yes
32062493,32062493_page14_36.jpg,ERK1,inhibit,RHEB,No
32126451,32126451_page25_355.jpg,PD-L1,activate,HC-II,No
32292093,32292093_page2_174.jpg,SOS,activate,GRB2,Yes
32292093,32292093_page2_174.jpg,GRB2,activate,RAS,Yes
32299382,32299382_page6_203.jpg,POU2AF1,activate,SPC25,No
32301011,32301011_page1_18.jpg,PD-1,activate,PD-1,No
32307773,32307773_page13_120.jpg,PTEN,inhibit,XIAP,Yes
32307773,32307773_page13_120.jpg,XIAP,activate,PI3K,No
32307773,32307773_page13_120.jpg,PTEN,activate,XIAP,No
32307773,32307773_page13_120.jpg,MIR186,activate,Mmip-2,No
32307773,32307773_page13_120.jpg,MIR-21,activate,PTEN,Yes
32307773,32307773_page13_120.jpg,MIR215,activate,PI3K,Yes
32307773,32307773_page13_120.jpg,MIR215,activate,MIR-21,Yes
32307773,32307773_page13_120.jpg,MIR874,activate,MIR186,No
32307773,32307773_page13_120.jpg,MIR-10,activate,MIR-21,Yes
32307773,32307773_page3_36.jpg,JAK,activate,JNK,Yes
32307773,32307773_page3_36.jpg,p21,activate,c-Jun,Yes
32307773,32307773_page3_36.jpg,p21,activate,c-Jun,Yes
32307773,32307773_page3_36.jpg,CDX2,activate,NOTCH,Yes
32327177,32327177_page1_19.jpg,APC,inhibit,APC,No
32327177,32327177_page1_19.jpg,APC,inhibit,APC,No
32327177,32327177_page1_19.jpg,PD-1,inhibit,PD-L1,Yes
32327177,32327177_page1_19.jpg,MHC,inhibit,PD-L1,No
32327178,32327178_page4_86.jpg,Yes,activate,Yes,No
32327178,32327178_page4_86.jpg,Yes,activate,Yes,No
32327178,32327178_page4_86.jpg,Yes,activate,Yes,No
32328803,32328803_page2_145.jpg,SHC,activate,GRB2,Yes
32450595,32450595_page11_131.jpg,KRAS,activate,Raf,Yes
33807876,33807876_page16_151.jpg,KRAS,activate,Raf,Yes
32454155,32454155_page4_37.jpg,MEK,activate,ERT,Yes
32505631,32505631_page27_166.jpg,MEK,activate,BRAF,Yes
32505631,32505631_page27_166.jpg,CRAF,inhibit,MEK,Yes
32505631,32505631_page27_166.jpg,CRAF,activate,MEK,Yes
32605153,32605153_page11_346.jpg,RIP1,activate,SRC,Yes
32605153,32605153_page11_346.jpg,EGFR,activate,RIP1,Yes
32605153,32605153_page11_346.jpg,RIP1,activate,STAT3,Yes
32615820,32615820_page60_307.jpg,RAPL,activate,FAK,Yes
32615820,32615820_page64_320.jpg,MDM2,inhibit,PTEN,Yes
32659994,32659994_page2_141.jpg,Tex,inhibit,CTLA-4,No
32703503,32703503_page18_257.jpg,TSC2,inhibit,CYLD,Yes
32703503,32703503_page18_257.jpg,EP300,inhibit,AKT,Yes
32703503,32703503_page18_257.jpg,AND,inhibit,NEMO,No
32703503,32703503_page18_257.jpg,BCL2,inhibit,MYC,Yes
32703503,32703503_page18_257.jpg,STAT,activate,MYC,No.
32703503,32703503_page18_257.jpg,BCL2,activate,STAT,No
32703503,32703503_page18_257.jpg,AKT,activate,TSC2,Yes
32703503,32703503_page18_257.jpg,STAT,activate,BCL2,No
32703503,32703503_page18_257.jpg,JAK2,activate,STAT,Yes
32703503,32703503_page18_257.jpg,NEMO,activate,AND,No
32703503,32703503_page18_257.jpg,CYLD,activate,AKT,No
32703503,32703503_page18_257.jpg,CELL,activate,CDK4,No
32703503,32703503_page18_257.jpg,JAK2,inhibit,STAT,Yes
32730814,32730814_page39_561.jpg,NTRK,activate,NTRK,Yes
32730814,32730814_page39_561.jpg,TRIK,activate,NTRK,Yes
32745965,32745965_page2_29.jpg,MEK,activate,MEK,Yes
32750701,32750701_page2_58.jpg,NF-KB,activate,MTOR,Yes
34323489,34323489_page2_936.jpg,NF-KB,activate,MTOR,Yes
32750701,32750701_page2_58.jpg,GLI,activate,GLI,Yes
32750701,32750701_page2_58.jpg,SUFU,activate,SMO,Yes
32750701,32750701_page2_58.jpg,AKT,activate,NF-KB,Yes
32750701,32750701_page4_64.jpg,AKT,activate,NF-KB,Yes
32750701,32750701_page2_58.jpg,NOTCH,activate,GLI,No
32750701,32750701_page2_58.jpg,NOTCH,inhibit,GLI,No
32750701,32750701_page2_58.jpg,PDK,activate,AKT,Yes
32750701,32750701_page2_58.jpg,SUFU,inhibit,SHH,Yes
32750701,32750701_page2_58.jpg,ERK,activate,NF-KB,Yes
32750701,32750701_page4_64.jpg,AXIN,inhibit,NOTCH,Yes
32750701,32750701_page4_64.jpg,D2,activate,SMAD4,Yes
32750701,32750701_page4_64.jpg,NF-KB,activate,AKT,Yes
32750701,32750701_page4_64.jpg,SMAD4,activate,D2,No
32750701,32750701_page4_64.jpg,Raf,activate,AKT,Yes
32784481,32784481_page12_189.jpg,MAM,inhibit,CSL,No
32784481,32784481_page5_144.jpg,NOTCH,activate,NOTCH,Yes
32796958,32796958_page10_182.jpg,AZGP1,activate,AKT,No
32815304,32815304_page1_21.jpg,CEL,activate,APR,No
32836072,32836072_page4_219.jpg,STAT3,inhibit,HIF-1,Yes
32892348,32892348_page8_168.jpg,ABHD11-AS1,inhibit,EZH2,No
32892348,32892348_page8_168.jpg,METTL3,activate,ABHD11-AS1,No
33008389,33008389_page10_287.jpg,MAD2,activate,BUBR1,Yes
33008389,33008389_page10_287.jpg,BUBR1,activate,CDC20,Yes
33008389,33008389_page10_287.jpg,APC,activate,BUBR1,Yes
33008389,33008389_page10_287.jpg,BUBR1,activate,APC,Yes
33008389,33008389_page10_287.jpg,securin,activate,securin,No
33008389,33008389_page10_287.jpg,KIAA0101,activate,BUBR1,No
33037185,33037185_page15_295.jpg,p53,activate,FATS,No
33037185,33037185_page15_295.jpg,FATS,inhibit,ODC,No
33037185,33037185_page15_295.jpg,ODC,activate,ERP,No
33037185,33037185_page15_295.jpg,p53,activate,ODC,No
33084863,33084863_page17_188.jpg,RBBP4,activate,prostein,No
33084863,33084863_page17_188.jpg,prostein,activate,RBBP4,No
33084863,33084863_page17_188.jpg,MIR-145,activate,RBBP4,Yes
33130228,33130228_page29_123.jpg,LKB1,activate,MTORC,Yes
33130228,33130228_page2_6.jpg,LKB1,activate,MTORC,Yes
33130228,33130228_page29_123.jpg,MTORC,activate,HIF1,Yes
33130228,33130228_page2_6.jpg,MTORC,activate,HIF1,Yes
33130228,33130228_page29_123.jpg,ASP,activate,ASP,No
33130228,33130228_page2_6.jpg,ASP,activate,ASP,No
33130228,33130228_page29_123.jpg,CIT,activate,CIT,No
33130228,33130228_page2_6.jpg,CIT,activate,CIT,No
33130228,33130228_page2_6.jpg,SET,activate,GLY,No
33174364,33174364_page6_64.jpg,TSC1,activate,TSC2,Yes
33174364,33174364_page6_64.jpg,4E-BP1,activate,MTOR,Yes
33174364,33174364_page6_64.jpg,S6K1,activate,MTOR,Yes
33174524,33174524_page9_13.jpg,MIR103A,inhibit,OTUB1,No
33174524,33174524_page9_13.jpg,OTUB1,activate,YAP,No
33191402,33191402_page5_149.jpg,ROS,activate,ROS,No
33225619,33225619_page2_27.jpg,MDM2,activate,TP53,Yes
33225619,33225619_page2_27.jpg,TP53,activate,WRN,No
33233641,33233641_page2_225.jpg,AGO,activate,GW182,Yes
33233641,33233641_page2_225.jpg,Dicer,activate,Trbp,No.
33233641,33233641_page2_225.jpg,Dicer,activate,Trbp,No.
33290717,33290717_page2_75.jpg,SHP-1,activate,JAK,Yes
33290717,33290717_page2_75.jpg,SHP-2,activate,RAS,Yes
33359744,33359744_page10_113.jpg,ANG2,activate,EPIC1,No
33445709,33445709_page2_128.jpg,VHL,activate,VHL,Yes
33445709,33445709_page2_128.jpg,HIF-1,activate,VHL,Yes
33445709,33445709_page2_128.jpg,HIF-1,activate,VHL,Yes
33445709,33445709_page2_128.jpg,HIF-1,activate,HIF-1,No
33445709,33445709_page2_128.jpg,HIF-1,activate,HIF-1,No
33445709,33445709_page3_142.jpg,EGLN1,inhibit,CAN,No
33445709,33445709_page3_142.jpg,CREB1,inhibit,KDR,No
33445709,33445709_page3_142.jpg,VEGFA,activate,KDR,Yes
33561557,33561557_page7_89.jpg,SLC25A5,activate,XRCC5,No
33608812,33608812_page10_363.jpg,ATF4,activate,RGS2,Yes
33675143,33675143_page17_309.jpg,CAR,activate,HI,No
33675143,33675143_page17_309.jpg,CAR,activate,HI,No
33675143,33675143_page17_309.jpg,CAR,activate,HI,No
33675143,33675143_page17_309.jpg,CAR,activate,HI,No
33675143,33675143_page17_309.jpg,HI,inhibit,CAR,No
33807876,33807876_page16_151.jpg,KRAS,activate,TIAM1,Yes
33807876,33807876_page16_151.jpg,MTOR,activate,PTEN,Yes
33807876,33807876_page16_151.jpg,JAK,inhibit,MEK,Yes
,,CYCLIN,D,activate,Yes
33807876,33807876_page16_151.jpg,CDK4,activate,MTOR,Yes
33807876,33807876_page16_151.jpg,CDK4,inhibit,MTOR,Yes
33807876,33807876_page16_151.jpg,MTOR,activate,CDK4,Yes
33807876,33807876_page16_151.jpg,MTOR,inhibit,CDK4,Yes
33905667,33905667_page3_399.jpg,PI3K,inhibit,STAT,Yes
33905667,33905667_page3_399.jpg,PI3K,activate,STAT,Yes
33931086,33931086_page14_556.jpg,BBOX1-AS1,activate,AGO2,No
33945380,33945380_page2_662.jpg,PI3K,activate,GRB2,Yes
33945380,33945380_page2_662.jpg,SRC,activate,FAK,Yes
33990540,33990540_page10_261.jpg,CYLD,inhibit,SUB,No
34059647,34059647_page9_160.jpg,STAT3,activate,SRC,Yes
34059647,34059647_page9_160.jpg,SRC,activate,STAT3,Yes
34129744,34129744_page36_317.jpg,MTOR,activate,PEK,Yes
34129744,34129744_page36_317.jpg,SOS,activate,PEK,No.
34129744,34129744_page36_317.jpg,SOS,activate,WAS,Yes
34129744,34129744_page36_317.jpg,WAS,activate,Raf,Yes
34299277,34299277_page20_251.jpg,MIR93,activate,SRSF2,No
34299277,34299277_page20_251.jpg,MIR93,activate,SRSF2,No
34299277,34299277_page20_251.jpg,MIR152,activate,GPM6A,No
34299277,34299277_page20_251.jpg,RAB14,activate,MIR126,No
34299277,34299277_page20_251.jpg,SRSF2,activate,SMARCD3,No
34299277,34299277_page20_251.jpg,SRSF2,activate,SMARCD3,No
34299277,34299277_page20_251.jpg,MIR152,activate,HOXA5,No
34299277,34299277_page20_251.jpg,MIR184,activate,JAG2,No
34299277,34299277_page20_251.jpg,TGFB1,activate,SMARCD3,Yes
34299277,34299277_page20_251.jpg,MIR15B,activate,SRSF2,No
34299277,34299277_page20_251.jpg,MIR15B,activate,SRSF2,No
34299277,34299277_page20_251.jpg,MIR93,inhibit,SRSF2,No
34299277,34299277_page20_251.jpg,MIR,activate,WNK1,No
34299277,34299277_page20_251.jpg,MIR184,activate,LEAP2,No
34299277,34299277_page20_251.jpg,MIR152,inhibit,HOXA5,No
34299277,34299277_page20_252.jpg,MIL,activate,PEPCK,Yes
34299277,34299277_page20_252.jpg,EIF2C2,activate,MIR-10,No
34299277,34299277_page20_252.jpg,TGFB1,activate,MIR24,Yes
34299277,34299277_page20_252.jpg,MIR125B,activate,MIR-10,No
34299277,34299277_page20_252.jpg,MIR125B,activate,MIR-10,No
34299277,34299277_page20_252.jpg,MIR-10,activate,EIF2C2,No
34299277,34299277_page21_280.jpg,MIR192,activate,MIR-10,No
34299277,34299277_page21_280.jpg,MIR192,activate,MIR-10,No
34299277,34299277_page21_280.jpg,MIR192,activate,MIR-10,No
34299277,34299277_page21_280.jpg,EIF2C2,activate,MIR24,No
34299277,34299277_page21_280.jpg,MIR128,activate,MIR-10,No
34299277,34299277_page21_280.jpg,ESR1,activate,TMEM97,No
34299277,34299277_page21_280.jpg,MI,inhibit,ESR1,No
34299277,34299277_page21_280.jpg,CEBPB,activate,ESR1,Yes
34299277,34299277_page21_280.jpg,MI,activate,ESR1,Yes
34299277,34299277_page22_300.jpg,MIR96,activate,MAT2A,No
34299277,34299277_page22_301.jpg,MIR5189,activate,MIR24,No
34299277,34299277_page22_301.jpg,TP53,activate,MIR-10,No
34299277,34299277_page22_301.jpg,TP53,activate,MIR5189,No
34299277,34299277_page22_301.jpg,MIR-10,activate,MIR19B,No
34299277,34299277_page23_321.jpg,MIR135B,activate,MAT2A,No
34299277,34299277_page23_321.jpg,MIR212,inhibit,MAT2A,No
34299277,34299277_page23_321.jpg,MIR221,activate,XYLT2,No
34299277,34299277_page23_322.jpg,PRKACB,activate,MIL,No
34299277,34299277_page23_322.jpg,MIR98,inhibit,MIR98,No
34299277,34299277_page23_322.jpg,MIR133B,activate,FSCN1,No
34299277,34299277_page23_322.jpg,MIR133B,activate,FSCN1,No
34299277,34299277_page23_322.jpg,MIL,activate,MAP2K,Yes
34299277,34299277_page23_322.jpg,MIL,activate,MAP2K,Yes
34299277,34299277_page23_322.jpg,MIR373,inhibit,PRKACB,No
34299277,34299277_page23_322.jpg,MEF2C,activate,MIR133B,Yes
34299277,34299277_page23_322.jpg,MEF2C,activate,MIR133B,Yes
34299277,34299277_page23_322.jpg,MIR373,activate,PRKACB,No
34299277,34299277_page23_322.jpg,INS,activate,MIR133B,No.
34299277,34299277_page23_322.jpg,MEF2C,inhibit,MIR133B,No
34299277,34299277_page23_323.jpg,TNRC6B,activate,EIF2C1,No
34299277,34299277_page23_323.jpg,MIR23B,activate,TNRC6B,No
34299277,34299277_page23_323.jpg,EIF2C2,activate,MIR,No
34323489,34323489_page2_936.jpg,PI3K,activate,Raf,Yes
34323489,34323489_page2_936.jpg,ERK,activate,AKT,No.
34323489,34323489_page2_936.jpg,Met,activate,ERBB3,Yes
34323489,34323489_page2_936.jpg,NF-KB,activate,MYC,Yes
34323489,34323489_page2_936.jpg,PIP2,activate,PI3K,Yes
34323489,34323489_page2_937.jpg,STAT,activate,S6K,Yes
34346845,34346845_page1_635.jpg,E2F3,activate,EMT,Yes
34346845,34346845_page1_635.jpg,E2F3,activate,EMT,Yes
34346845,34346845_page1_635.jpg,E2F3,activate,EMT,Yes
34346845,34346845_page1_635.jpg,E2F3,activate,EMT,Yes
34374490,34374490_page15_108.jpg,XRCC1,activate,ERK1,No
34374490,34374490_page15_108.jpg,XRCC1,activate,ERK1,No
34374490,34374490_page15_108.jpg,PI3K,activate,DNA-PKcs,Yes
34374490,34374490_page15_108.jpg,GSK3B,activate,PI3K,Yes
34374490,34374490_page15_108.jpg,XRCC1,activate,RAD51,Yes
34506873,34506873_page51_161.jpg,SNAIL,activate,SNAIL,No
34506873,34506873_page51_161.jpg,SNAIL,activate,SNAIL,No
34506873,34506873_page51_161.jpg,IQGAP,activate,IQGAP,No.
34506873,34506873_page51_161.jpg,CDC42,activate,IQGAP,Yes
